timestamp,name,temp,trans-volt,channel_1_in_pwr,channel_1_out_pwr,channel_1_laser_bias_cur,channel_2_in_pwr,channel_2_out_pwr,channel_2_laser_bias_cur,channel_3_in_pwr,channel_3_out_pwr,channel_3_laser_bias_cur,channel_4_in_pwr,channel_4_out_pwr,channel_4_laser_bias_cur
2025-03-08 00:44:21.737018,QSFP-1,42.472407130841745,3.3926094938462863,-2.3812567869844043,-1.9863896215670127,8.536193171566993,-1.8892024269682821,1.5495791755741353,5.835209539504749,-1.8487960516875426,2.739008389796881,6.30852841867953,2.860801971063956,-0.9563750005122502,8.147788484458683
2025-03-08 00:39:21.737018,QSFP-2,77.04285838459498,3.2252419894985147,2.4153174400774002,-1.3284579658082483,5.762695214571306,0.2514056842701491,-2.852478501247191,5.838096081441588,-1.0597706273068754,1.4250501567540415,6.234893995359999,-2.335676440042106,-2.569728666914094,5.271660174114519
2025-03-08 00:34:21.737018,QSFP-3,63.919636508684306,3.248488614228384,0.031514234687143095,-1.937937094339519,7.881441800834066,2.23767501525845,-2.8672586908260165,5.183357134667715,-1.6400615866380719,-0.8804915489876151,9.531272902605183,-0.4647094301283321,-0.5422266306286079,8.743226170631
2025-03-08 00:29:21.737018,QSFP-4,55.919509051822196,3.4695662565581236,1.9587447966464495,-2.467784797457666,8.03357523191428,1.3933493184573669,-1.0583386851027525,8.682010075328202,-0.8700221650083764,-1.2207865122740686,6.247730999247531,-2.7478519489715683,-1.1326950296196385,6.5879339763055835
2025-03-08 00:24:21.737018,QSFP-5,29.36111842654619,3.381928717897877,-1.0797023938163295,-2.276184773396395,7.12065335651193,1.8393668871686986,-0.0681408575720055,8.319022638109026,-2.58345694352344,-0.9017806215249027,6.359748630643155,1.439424724601582,1.0627238384100561,5.000673465022427
2025-03-08 00:19:21.737018,QSFP-6,29.35967122017216,3.202759115484989,2.373139370977203,-0.23532739180364537,8.682221178123614,0.9527002002643039,1.622444506846759,7.373154378749069,0.11435874544962221,1.647921187087091,8.796991312089819,2.508459313194904,0.6346754967161421,7.555645696186149
2025-03-08 00:14:21.737018,QSFP-7,23.485016730091967,3.23044146285981,-0.6647899275950211,-1.761997689565245,9.671835073845074,1.1536593871071146,1.099772259639031,9.220852244845986,-2.5943246184467106,0.9682236664224861,7.2486992122527,-1.3197760226970634,-0.8124376308147601,5.234259542638016
2025-03-08 00:09:21.737018,QSFP-8,71.97056874649611,3.399050530732417,-2.93497409111821,-0.8143808337115472,9.627842564533882,2.0951739093919155,-0.3245837617395102,9.028350764750266,1.802139046934169,-1.8888265927951924,8.883552784775906,2.150050060794725,-1.6926446744700594,6.3808477891044975
2025-03-08 00:04:21.737018,QSFP-9,56.06690070459253,3.2015184751538657,2.4322918585155815,0.020503625129141057,7.254196857020661,-1.5019919468448844,-1.3582400023100047,7.926771821983761,-1.5977275085374019,-1.955343987995494,5.326830787821926,-1.2466906172286134,2.928215796933551,8.534882437278581
2025-03-07 23:59:21.737018,QSFP-10,62.48435466776273,3.2482424154252496,-2.4522799392831987,1.1423689717761913,5.566190229203777,-0.06345021814115714,2.982747000946267,9.341356402566294,0.24007148762706354,-2.409626101719616,7.437855968366922,2.464620969863491,-0.2759902728233108,5.31344810810933
2025-03-07 23:54:21.737018,QSFP-11,21.23506965774815,3.3646201368099757,-1.0841181744575108,-2.7641271609534064,9.924205994811672,-1.6727433490823866,-0.4429121865841621,6.029206050183841,2.2804745253687493,0.9618163182080286,5.1680680009164135,1.5237714215807037,1.1296454146814225,9.196692461780012
2025-03-07 23:49:21.737018,QSFP-12,78.19459112971967,3.407568559307808,2.7003718023048293,1.7964623934542558,9.19449043222967,2.926008047979882,-0.29167785402194735,5.55959809698864,0.9052642142831653,1.5862359733304157,5.3132660172767725,1.8294406610486318,-2.1566821945298353,5.019099613292916
2025-03-07 23:44:21.737018,QSFP-13,69.94655844802531,3.39558837785078,2.7036428816253366,0.7674023369454464,5.623313406016334,2.6643560381196796,-2.018257072849985,6.348748057584948,0.1977467193080118,-1.4097214300499759,9.532187266722055,-2.891960666397273,-0.0864618020436132,6.2341193460095115
2025-03-07 23:39:21.737018,QSFP-14,32.74034664069657,3.267280792838168,0.44062732873971644,-2.5094458083067686,9.604209413086862,-2.7634391317889646,1.7688572924995762,5.285434280446574,-1.0539974813077464,-2.874330233814523,5.696226855587976,2.7768621424441555,-2.834779680783207,8.704520280760358
2025-03-07 23:34:21.737018,QSFP-15,30.909498032426036,3.413653766404261,0.7910232730187956,2.2414717446406636,9.349481810310643,1.2334510350941308,1.162093354688932,7.65584764000516,-1.0019885216508124,-2.5069699951414357,7.662103411376085,1.3600259524219398,0.032730707462699904,6.581350748646534
2025-03-07 23:29:21.737018,QSFP-16,31.00427059120603,3.2711747262490403,-0.30932686813008115,2.525234403190879,7.5941902856303605,2.5514899044939945,-1.6753823232674376,9.683028461474807,1.0169217311891412,2.807160209070183,7.055478013003533,-1.1714934276832,2.784104442706214,5.509461940330068
2025-03-07 23:24:21.737018,QSFP-17,38.254534577572265,3.2976199094477803,-1.2407353698116128,-2.6335322408708173,7.9563771787246464,-1.9165479292359988,-2.505713726304944,5.196717703342548,2.9648361673270056,-1.2273313351354784,6.736716631294213,1.9763679891530819,-0.6947597220851986,6.80116959400214
2025-03-07 23:19:21.737018,QSFP-18,51.48538589793427,3.423947421535407,-1.0280127277805042,-1.3387341111167776,6.9950135193506515,0.407671383315777,1.0829958124482788,5.610549570050134,0.9710351390962719,1.615338887028802,9.499166728436363,-1.3108728095104203,-2.7660239245505305,6.351966431922627
2025-03-07 23:14:21.737018,QSFP-19,45.916701118526944,3.3948898697141643,1.0351107364622303,1.837207678758368,5.273808194110156,2.4929297855282506,0.9270672856868112,7.260995141417176,0.3467005042201494,0.7479814131255829,5.109116983877447,2.2365230373967675,-2.8142652544839386,9.213559510802774
2025-03-07 23:09:21.737018,QSFP-20,37.47374841188251,3.4547670231482535,1.51424717662608,1.4895581423019504,6.675986208229505,-2.7963241284852067,-1.360442838010744,9.669375087639525,1.3839030614354764,-0.7083621620826248,8.318948430877946,-2.3245176575283777,-0.6720794403187833,6.566739587925715
2025-03-07 23:04:21.737018,QSFP-21,56.71117368334277,3.397283867690103,1.7494742623550916,-1.892873883861736,9.014267242990057,1.1845216034810395,2.7051813735024623,6.580780524883752,-0.20876632629769087,-1.7658764268266693,9.816972171067752,1.222115864764774,-2.0398503812208357,8.944662358880036
2025-03-07 22:59:21.737018,QSFP-22,28.36963163912251,3.3704925810006414,1.7377088567673233,-1.7439040599797382,5.023160115023014,-1.2159059557646954,-2.0936526493145986,7.536174043441962,-2.6391459443952887,-2.2716814910435614,7.80084091730921,0.24419085986946198,-2.8598874220308845,9.459360724053674
2025-03-07 22:54:21.737018,QSFP-23,37.528678912113094,3.228102430348428,-2.452763381707858,-0.7771673832517081,6.667495858455721,2.5463771722591826,-0.40599119374438875,5.2078642952519605,0.37378089526745883,0.6900778082332,9.68411231016546,-2.4207931788273553,1.5372816837010612,7.169087097882647
2025-03-07 22:49:21.737018,QSFP-24,41.9817105976215,3.31031474091783,-0.03347817178451118,-0.09286208885387204,6.990843467954717,2.8263494709922066,2.6616955210055933,5.741716004810444,2.745751707032281,1.6478026838267281,5.261289396430119,-1.548637030446966,-0.24886194670865613,9.54971571927196
2025-03-07 22:44:21.737018,QSFP-25,47.364199053022155,3.279560710304518,-2.6546474399001343,0.7095286291817757,7.686978014689615,2.6655989346806033,-0.48163609844326594,9.933150614794235,-1.9481823458540422,0.8634255212467838,7.093966595370807,-2.9255757823361113,-1.2645313681640729,6.886590269815964
2025-03-07 22:39:21.737018,QSFP-26,67.11055768358082,3.273196893013725,0.29717329394241343,-0.7865181625813653,9.599278082063803,-0.1547147000552176,0.8311556859845135,9.825593482180228,1.1400293449239944,0.1818127994949501,6.300788954810256,-0.187392207212965,2.4004990980988845,9.82039208245054
2025-03-07 22:34:21.737018,QSFP-27,31.980426929501583,3.491903166425734,-0.3508169917597379,-0.22479170320111264,6.7317299718298065,2.172255905935881,-0.6144336122232343,5.024699904672048,-1.7943978680456611,-2.7482926594101826,8.654104824903648,-1.1924084354399977,-2.3031662387968463,5.446447622627865
2025-03-07 22:29:21.737018,QSFP-28,50.8540663048167,3.3179293174000284,2.3262250965497984,1.4848256288025397,6.734766009481138,2.067296391210422,-1.3547087859079798,9.759058927116195,0.21496610683848782,2.8109326655663027,9.906485452486233,0.5901449057865529,2.7355129737319155,8.435096332516213
2025-03-07 22:24:21.737018,QSFP-29,55.54487413172255,3.467613966553134,-0.8945099246875277,-2.7799007826564126,8.687506240548743,-1.0853971605404662,2.903865887758969,8.195599689077502,-2.4199413021196823,1.792285149927448,6.282650312221239,-1.2165731537482969,-1.116199695735883,7.469070202284644
2025-03-07 22:19:21.737018,QSFP-30,22.787024763199863,3.389341587799179,-2.297597901434365,-1.4853783339358755,7.261089704449036,1.9734928449040643,-0.5439959621097419,9.33959147260011,-0.29777438245088916,-1.2430677797942116,8.270873007370373,-1.2004853309580918,2.330422033852088,6.938244027278236
2025-03-07 22:14:21.737018,QSFP-31,56.4526911140863,3.4384433910624947,-2.142049907682985,1.2800975153073146,6.12302411469991,-2.7779541917070443,2.364595222074806,7.273699278169295,1.5369799733714764,2.879821976153104,5.990488163798701,1.4591591923896203,0.6176572588767693,8.163559393743004
2025-03-07 22:09:21.737018,QSFP-32,30.23144742123749,3.350791127931558,1.569063790304833,2.3712410261231955,7.262197580663467,0.5776192708923182,-1.620272364653483,7.577980142896251,-0.9145708545661075,0.6112895378179326,7.826651272858049,-2.7111429841298795,1.9602441584489245,8.519285458171655
2025-03-07 22:04:21.737018,QSFP-1,23.903095579116773,3.3730711653879077,0.7093083798975663,0.07006465269399698,5.704285101898999,-1.6199469762737817,-1.7213717758495002,7.444232901284601,0.9894703469233082,0.4945359492434789,7.319662433441681,2.417369971151923,2.9040789792627857,5.021816348251545
2025-03-07 21:59:21.737018,QSFP-2,76.93313223519999,3.3477553081456595,-2.3932639432632588,0.1926809115918937,5.8819349325311165,-2.276598685336327,-2.813195502692932,8.334321287730521,1.772699764738375,1.4884390765771922,9.860026648157685,2.1135832463470887,-1.2695673730875257,5.834765443735994
2025-03-07 21:54:21.737018,QSFP-3,77.93792198447356,3.2585728963394134,-2.4953591633100154,-2.3569679319613437,7.4918388636973985,-2.538280790224745,0.9100009522553103,5.698256273781564,2.563066916876716,1.8706187285408253,8.042636363482334,1.0068280993584393,2.766812912445558,8.565230253171594
2025-03-07 21:49:21.737018,QSFP-4,68.50384088698766,3.4167356345784516,1.2058147887547204,-0.31552579905927214,7.094627247522739,1.177732655268839,-0.7888419376574332,5.14986794936339,-1.5921475088672787,0.9388716439890157,6.747531860434094,0.559329420644306,-0.6631086305854779,8.331927067891032
2025-03-07 21:44:21.737018,QSFP-5,38.27682615040224,3.284231708732257,-2.563421961814839,0.1957035987301392,9.5742295053405,-0.9607502173916034,2.186149499037822,6.539649707955954,-0.6041045051441509,-2.2314255218028,5.570478924439667,2.3538149888379136,-0.6869285715784663,9.830237525643387
2025-03-07 21:39:21.737018,QSFP-6,25.86032684038303,3.207294789929436,1.9311603557421373,-1.545176978191622,6.811969495583165,1.3486006291725685,-0.16074055985065705,8.523403813683235,-2.085503920017495,-0.9703949640330096,5.756234143674673,-1.8880189228277133,-0.9576773744729659,8.805188951253914
2025-03-07 21:34:21.737018,QSFP-7,61.053981590729414,3.3936416887721506,1.237453362938977,-1.3845406143037142,7.902941751390218,-2.607861955206346,2.8091605674883304,6.009267260614742,2.954901012950251,2.568501841956298,6.126584649756175,-2.5261850268550283,0.2484456440855114,9.75386353865669
2025-03-07 21:29:21.737018,QSFP-8,46.40914962437608,3.253133203822115,-2.5119073161486014,-0.7362950213722641,8.161321439597652,-1.108257973016338,-1.8868469057812731,8.367162166624587,2.5620058075457717,-1.6523063289368884,6.2548333067014905,-1.5629389805427714,-2.0751297409290776,8.512702507674035
2025-03-07 21:24:21.737018,QSFP-9,27.32229409068673,3.4821375753058743,-2.4909737154888485,-2.879572813333642,5.065472282941668,0.2369477542520233,2.211739007733665,9.849560230536351,0.23974278168335772,-0.7669978569749203,9.25308028920569,1.7674696722011412,0.3222689121480671,6.490261043197216
2025-03-07 21:19:21.737018,QSFP-10,49.71061460667621,3.4861785731007764,2.919837471007053,-1.0675250065009303,8.317686860083553,1.744338989033781,1.6595811167504504,5.469503578947092,2.0521997662585276,-0.4075387023348238,7.806113941412624,-2.7919783996411,0.2502288744600243,5.526824611254282
2025-03-07 21:14:21.737018,QSFP-11,22.063311266913104,3.4744593170661346,-0.7543752254632778,-1.7313119580207321,5.890179834348757,-1.0874849824075805,1.625531067864312,8.363010591125631,0.12574786363225332,-0.3635700618332871,7.616954556871832,0.49684101050093776,1.57141087562922,8.909119316724677
2025-03-07 21:09:21.737018,QSFP-12,74.55922412472692,3.3110476100766335,-0.7761471175986543,-1.0350158869325121,9.805351587347275,0.7553482586220546,2.068699368701326,7.218751096522856,0.7415141280165582,0.6776374949671533,5.573844359346087,2.9726250971478594,2.0018997716255136,8.22074610737958
2025-03-07 21:04:21.737018,QSFP-13,35.52679889600101,3.2046369849586602,1.876797403545016,-2.2814272090844927,5.7433136387655646,2.3158664894171226,1.566143945657993,9.340711271887526,-2.4652534073039005,2.6584550264682454,9.300698466747175,2.1341765630252363,-0.35735189812545576,5.240930061966481
2025-03-07 20:59:21.737018,QSFP-14,59.75133706123892,3.4784955687763177,2.6834914643031524,2.3431636844393697,7.0731206186351185,0.6951791290938276,0.7573219297884926,5.885748947236929,1.5316225229808476,-1.5558437290049703,8.614071516042419,0.12867413426153673,-1.1860005038910375,6.800252329504891
2025-03-07 20:54:21.737018,QSFP-15,38.70266456536466,3.3284552444951943,2.9160063829372254,0.561554721324292,5.426748340393219,-1.6022431514781974,-2.2125307339056746,8.463129761130823,-2.2337190981885913,-2.2709917421944916,5.338341809500008,-2.618154544280146,-1.4439906160974332,9.78399907742143
2025-03-07 20:49:21.737018,QSFP-16,51.20408127066865,3.4899964457131007,1.5202691115536497,1.0746139148669371,9.984371259229736,-2.853595310660772,-2.8048429230524885,9.190576448240552,1.95640578151517,-1.815177060840376,8.539175486148842,1.9882410863142592,-1.8322569797707684,7.502005728551007
2025-03-07 20:44:21.737018,QSFP-17,52.80261676059678,3.4890859931267757,-0.7424424868145056,1.7350274316440295,7.510975051656213,2.2205932434055793,2.5250870868941213,9.723071097370116,1.6921685260223152,2.3215494012556173,7.717691086713231,0.5938710490632633,-2.6541145068058505,7.163645680098523
2025-03-07 20:39:21.737018,QSFP-18,31.091267331531622,3.455902836640208,-2.4989956998079874,-0.009346806425656329,7.976925086600219,-2.8723835348976774,0.6999018871244282,8.41624014144823,1.2524681864578584,0.8748648759312361,5.408626728733891,-2.3104020176425992,-0.9453121269917197,7.2884980257964695
2025-03-07 20:34:21.737018,QSFP-19,78.17507766587352,3.288334667620876,1.662881495564621,-2.478478271475458,5.335382386942137,2.2482100361051964,1.779223745857058,7.485873820042137,-2.7830377168514273,-1.2845592645650392,7.291503207643283,-2.436856291059863,-1.3785138472153005,6.044413620025819
2025-03-07 20:29:21.737018,QSFP-20,66.50796940166687,3.3155293185805776,0.3504254984148303,0.22263925091128645,8.74980235199589,0.17362280416327192,-0.11086589092469978,8.08923620100607,-1.1812298643280283,1.8956816338117033,7.423481435650235,2.457760916619554,2.7985043151984446,6.843535854323976
2025-03-07 20:24:21.737018,QSFP-21,76.36993649385136,3.455341001455057,-0.4546679445181425,0.521046708125275,6.049527965477929,2.6344061910773773,-2.2961508662256334,9.34452492239359,-1.4213245805349428,2.168219978180616,5.828872700816379,1.0152015776284706,0.34625295750026375,6.849066279935883
2025-03-07 20:19:21.737018,QSFP-22,73.68964102565893,3.2950766015468833,2.438126310568416,1.4726368451059795,9.490271447203568,1.7926994146419926,-2.248885246784697,7.853048733194148,-0.8391815551708852,2.079086032141668,9.728490735001412,1.975720795900533,-0.9163377658169547,5.261775100937362
2025-03-07 20:14:21.737018,QSFP-23,55.87399872866511,3.250847824005828,-2.3328151061630917,-0.41004272262192387,6.025698202410036,2.987604663200025,1.1133917233738284,5.151935298484184,-2.4741435194169688,2.5135592018373263,9.24987685740331,2.2738734016936037,0.4828056059621759,8.837838142589591
2025-03-07 20:09:21.737018,QSFP-24,75.312454101387,3.367040378737505,-0.0442493742548451,-2.2345181832266174,5.953438603318332,-0.8957291072897391,-0.41816463060322384,9.65474347753489,2.6217469381863765,-1.4865538789598305,8.345111686645541,0.4306341122899333,-2.1648197919258267,7.082522159519395
2025-03-07 20:04:21.737018,QSFP-25,25.30955012311517,3.480846432248234,-2.931878131395486,-1.2973445652076532,5.182748339240474,1.6031297335867611,-1.7968516397979797,8.447633755157806,0.3228134442742574,1.5302515724776695,7.311477805003036,0.10467811053024789,-0.33573750478678255,9.110899434082118
2025-03-07 19:59:21.737018,QSFP-26,31.758971745148713,3.408808939002492,-0.18803614803524216,-0.8215062216081894,7.360334725549996,-0.588414518344547,-0.050432719551378735,8.382566928886233,-1.1668541360518587,-0.23676301635515973,7.058827707922543,-0.41743553807405887,0.7574059285263832,9.251740005599476
2025-03-07 19:54:21.737018,QSFP-27,22.713637334632285,3.3710183510268097,-2.662180345908976,0.8755034479896073,7.824205666313082,-0.12074627817654715,-2.6147463775491957,6.078375761988585,-0.6181108975542995,2.051991317340369,8.25486733575477,-1.0983204732532843,-0.0666130092452919,6.05997027349329
2025-03-07 19:49:21.737018,QSFP-28,39.519819845795865,3.229152948131231,-2.2870925023915687,0.4246698280134713,5.328543197141762,0.7650327793102205,0.49182841148639245,8.294427351163286,-0.31678475697098607,1.370944062969679,7.727159347034528,-0.39242423484772937,-0.5893271960740547,8.286767410850644
2025-03-07 19:44:21.737018,QSFP-29,43.320637381368925,3.384502168009751,-2.2948425193373705,-0.8634196446129225,8.877638083475052,2.2420626851180323,-1.386039573389414,6.969322028270792,0.6035660001637035,1.6586846789983483,5.311365529409428,1.6432779343809383,2.9630903333981893,7.361409020814909
2025-03-07 19:39:21.737018,QSFP-30,36.28094190643375,3.497016155031279,0.8952618126963814,2.919091492757878,7.266444173740139,2.904500815195771,1.7853546038231292,8.256164885207461,0.09407656617898663,0.9369710260864288,7.562513243851658,0.6115405860907894,2.2818885728935623,9.400783689607426
2025-03-07 19:34:21.737018,QSFP-31,69.72425054911577,3.2420252045709574,1.4762692755925393,0.6346489161413231,7.6219513466379,1.6096404831871087,-1.1378282464585574,5.532965151539954,2.5163518392865036,-1.9354273831817588,9.032018086164197,2.3551397397290765,0.7404357489566404,6.07870339588227
2025-03-07 19:29:21.737018,QSFP-32,41.40519960161536,3.355498895709121,0.500212590582958,-1.5766392495840331,7.20381373469114,-0.49339930699599766,-0.26867910550919305,8.28922652301518,-0.018219102565018463,0.27016151338162997,7.296199387984791,-0.33971991372487365,0.4162641670936966,8.389066001550221
2025-03-07 19:24:21.737018,QSFP-1,36.85607058124285,3.4632119215783868,2.7730352908472513,-2.3893051642775776,7.00381530437663,-0.4718579863375787,-2.930276760551396,9.997068628853333,2.952948088939876,2.9080184371470494,5.259782887771342,0.6425374723125241,0.7239628789475043,8.038760611263612
2025-03-07 19:19:21.737018,QSFP-2,52.56176498949491,3.4222305853262616,-0.7507765228577759,-2.0828451648940076,7.79820165654109,1.4254938095333491,-2.565318673232647,5.24106019430278,2.1085497464705742,2.6243283989827138,8.931390996920165,0.7878453185519323,-1.7921273530654005,6.476507387859164
2025-03-07 19:14:21.737018,QSFP-3,28.45545349848576,3.4091047222985806,-1.2857274823088356,-1.5242536296929512,5.776201229653562,-1.567337125390186,-0.6450386615598909,9.885870921106587,-1.7489369138559852,-2.74095758521793,6.006818910679872,0.5501829738379529,-0.6291735404140884,5.6830045182558635
2025-03-07 19:09:21.737018,QSFP-4,68.13181884524238,3.4107452251961328,2.2115947691367612,-2.0359117604426658,5.909640652476355,-2.337155321211632,-0.12036699169725917,7.0345398036143525,2.5835712878634975,-2.0111111056233772,6.293104174440193,1.2158026385130984,-2.763242802654604,8.258198802386383
2025-03-07 19:04:21.737018,QSFP-5,24.473038620786248,3.3078473453659267,-1.6584249688832842,-1.8805978556921654,9.308928105067587,-0.8722670541553406,0.6001232887158223,9.353767251686296,-2.3018016126871435,-2.2096273592726288,5.823531767161479,-1.5753991897511623,-0.14672377507903978,8.692987290661653
2025-03-07 18:59:21.737018,QSFP-6,79.21321619603104,3.288077553279348,2.779335236643668,-1.2894289878369174,9.730577310668163,-1.2765660500755096,-1.2500245277441806,8.911927420291367,1.904698250947149,1.3558794599117725,6.651075324357487,0.07418266527474415,0.2581475037459793,6.57813671881675
2025-03-07 18:54:21.737018,QSFP-7,66.33468615779944,3.442808346643554,-2.927073151861102,-1.959758428231471,6.866546581398765,-1.2221512772640595,1.169891316759255,7.835081304933339,-0.7162602391405195,1.9067119791416705,8.783757528443175,-2.374651183149914,-1.6335015833807425,8.224163020111568
2025-03-07 18:49:21.737018,QSFP-8,31.922940892050345,3.4430340184037544,2.8192729602458346,2.3805925477585514,6.353723365717769,-1.5983534937005404,2.1607343831352273,8.692246046256633,2.267845922670417,-1.7189318021359685,7.5969292975196865,-0.6929320341311245,2.7841730829930826,6.975654538057516
2025-03-07 18:44:21.737018,QSFP-9,20.331327027416144,3.4601216955740313,-2.7410405282965433,-2.5185975260301467,8.219997716195078,-2.7474408621818287,1.6791059333600984,9.39257780650674,2.208340140644702,0.03511615771097398,6.024406370753563,-0.07399758827241332,2.4567276656234522,8.566034416413089
2025-03-07 18:39:21.737018,QSFP-10,68.92768570729005,3.4739721657669413,2.3468586821884267,0.14706833742152803,7.0436708554904826,-2.892756391599517,-2.762287047909857,7.020701608255164,1.8355524007057271,2.0442181680672,9.389150390760204,0.9133455572728346,1.3328594127354352,5.996076374470266
2025-03-07 18:34:21.737018,QSFP-11,62.41144063085703,3.3534027196582814,0.16620665451779892,-0.5376190380620312,5.126931778301724,2.926334338416189,-0.11695831645302635,6.635165807816193,1.7401826178423683,1.3968092685975035,9.397909274757646,2.703186315517221,0.20031977259217548,9.451075013180873
2025-03-07 18:29:21.737018,QSFP-12,63.74043008245924,3.35045488840616,2.9577887767158018,2.894271701451638,5.780762986830952,-0.43336119758482594,-2.370418929490951,8.337966927817924,-1.1719251654117553,0.2534232329510897,9.352892125230035,0.6039063992901355,2.2198149578861095,6.437047982327899
2025-03-07 18:24:21.737018,QSFP-13,66.27622080115674,3.4394885536900324,-2.557220611587607,-2.327766586991686,8.579861144236988,-0.6940401170419097,-1.5477299048248352,9.039229709706293,-2.514484301692487,0.5420861427526376,6.193981056907696,1.461563497059359,-2.2160859370592227,6.8389299387807645
2025-03-07 18:19:21.737018,QSFP-14,24.44267910404542,3.3949891792333298,0.3231257064079247,-0.6128664057255504,8.294619709550757,1.0778836961584188,2.9199755596028787,8.811425673883079,-0.5821189274090313,0.05016328149767979,7.25619672090494,0.03759635697121677,1.7430587656493097,5.290459760401749
2025-03-07 18:14:21.737018,QSFP-15,41.507943712656356,3.410590063177311,2.8158152137145933,2.8168225996522134,5.135479962517417,-1.690476672809615,-2.145026742590921,8.989068244293172,-1.958852910080948,-1.2147092920870766,9.924948280704376,0.8046241882579879,-2.25107511619891,5.557561061606382
2025-03-07 18:09:21.737018,QSFP-16,26.952143571507783,3.4387378008308302,0.1385870650208929,2.193042755363882,6.109860809664747,2.699767103701352,-0.006671079291863613,7.177916574064665,1.1697065334147698,0.39013195715409665,8.860062381549952,-2.5744067031973596,1.765263975296433,7.579309513561641
2025-03-07 18:04:21.737018,QSFP-17,71.78620555253562,3.46700160254527,0.7763918288115752,1.9024324256956797,6.1553739829403575,1.718070086493312,0.7089344059087148,9.089171080875108,-0.923401640773287,1.1333118123005441,5.135837106127799,-1.473650514948918,-1.3453945904918583,6.337963383639858
2025-03-07 17:59:21.737018,QSFP-18,57.39788760965347,3.3013985470554608,1.1744921339077035,-1.452583037730361,8.359463717993641,-2.4635339861264427,1.2147898232646241,5.601045276853042,2.853661205159489,2.2399374951648463,5.32602295630246,-0.8288814407691678,2.2625434861091334,9.177401128710972
2025-03-07 17:54:21.737018,QSFP-19,39.85388149115895,3.312674885791983,-0.27275361139336063,-1.974674475659605,5.098552688771821,-0.49451534529042984,0.3578921009214846,7.722445489804247,0.8458324640719921,0.8177481238754885,7.319656884061664,-0.16503986996091857,2.664252562952387,5.073466943274769
2025-03-07 17:49:21.737018,QSFP-20,23.813501017161418,3.228194581952261,0.7653484805043806,1.011859319546586,5.520542909922869,2.274709845372988,-2.9413749154848983,5.028793302490608,1.9348833818061655,1.5667292222589477,9.5461010293078,-2.7261075269856976,-2.107224183569306,6.89547024335968
2025-03-07 17:44:21.737018,QSFP-21,38.65893930293973,3.3734840422988523,0.5058858715386014,2.5762559347655145,8.999580426865947,2.668392133748462,-1.0412321505360487,6.622929149501351,-2.2048519635489097,-2.039570190272562,7.693508989763571,-2.159855414680094,-0.22394636960763892,6.686727733845464
2025-03-07 17:39:21.737018,QSFP-22,39.51099932160482,3.2107826821390226,2.4069480629459337,0.3405773580835785,5.892723310271668,-0.19559093250078163,0.10626986030826835,6.83230767435699,2.1720868936357354,-0.23065515348126064,7.489062540171451,-1.3391141532521653,2.885924268976111,5.096638154588005
2025-03-07 17:34:21.737018,QSFP-23,63.77637070028384,3.339679405439738,-2.727321717951253,0.4296761368193991,8.263730539259374,0.680468335264246,-2.472801005131,6.980863458046277,2.536543143080366,-2.94401028103744,5.527368499783153,2.8291961454063035,-0.09955538416112031,5.621841995002551
2025-03-07 17:29:21.737018,QSFP-24,58.253448281312785,3.362793390412273,-1.314220862446618,-1.320125438038295,6.190913905233632,-1.9977963234475486,-0.8962384127449154,8.477336033449312,-0.07762848708638437,-1.5199268128702619,8.28390052362147,-1.0119179573816954,2.181285135087271,7.068213374593176
2025-03-07 17:24:21.737018,QSFP-25,73.23276455457959,3.2859623756384853,2.7024689044593524,1.6169575991516218,5.497206963796726,2.9470117568218592,-2.8007813472518004,6.942790506351729,0.6375176265058649,1.358770290678029,9.110515803001128,-0.10775365132750458,0.5323891327879191,7.464322922237233
2025-03-07 17:19:21.737018,QSFP-26,48.33289550971696,3.3772499781707035,2.341582703345498,-1.8777375086548598,6.21586095499727,-1.6099697916993396,-2.5285290170698755,7.2434681131126535,1.5888588054179724,2.9508597080961803,6.902100037537812,-1.8234137235696424,-0.7480205524823891,7.021448736274346
2025-03-07 17:14:21.737018,QSFP-27,27.1756547562981,3.209150074981715,-0.2660594832857224,-1.057924581574538,8.611334659278295,2.656390644810754,-0.6184603427904234,6.187720654371637,-1.9509682364375247,-2.404931402476705,8.878059254626638,0.6646804264546096,-1.2852986668447788,7.65468839206047
2025-03-07 17:09:21.737018,QSFP-28,62.7946872333797,3.2112044566247646,0.7207955868092206,-0.44738136830149955,9.27848234053143,0.8978798939542108,-2.203705475741638,6.8662589581467,0.01539645878065432,-0.5910341048322705,9.822383269504058,-1.3159007069041542,-1.7806614534834764,7.9756583745284075
2025-03-07 17:04:21.737018,QSFP-29,65.64710291701385,3.4467801681978973,-1.335712902113204,0.04566227210673013,9.151099322834959,0.6464207692731545,0.4052450895693491,6.136348136315757,-0.6080218333661214,1.8004258121949572,6.018832295638445,-1.7580445293694393,1.5707891482661829,5.049619105639178
2025-03-07 16:59:21.737018,QSFP-30,53.67663185416978,3.308057192423379,-1.8712730416574321,-1.5455416055095186,6.985917648092274,0.07613106609905174,1.1367898148235946,5.365979618842218,-2.1217560470265053,-1.775786192226607,7.6166481559737065,0.09943577067587439,-0.6807569590618328,7.32047579726752
2025-03-07 16:54:21.737018,QSFP-31,66.25803079727366,3.2381181537955657,-0.21780957036010706,-2.310979051564779,8.34042568285323,-1.6159811296934479,1.8035201946544976,8.01724296690689,-0.7947934662508116,0.3305096958137175,6.435689790422877,-2.966965205037475,0.06765277320450691,9.81749620443794
2025-03-07 16:49:21.737018,QSFP-32,49.62773578186344,3.3566729780164413,-0.8798866318436831,0.6637202546497956,6.024921477079105,-1.9408318079669504,-1.7990985345311394,8.341063992775082,-2.5909661436870386,1.3984277761780488,8.964272095169196,-2.954015804104648,-0.04604711999290867,7.5951614006477435
2025-03-07 16:44:21.737018,QSFP-1,51.363969762919645,3.4309980659295833,0.5019366711052324,-1.2682166805584654,6.465738651305067,-1.6770827455789479,-1.9951045064455815,8.097451730048073,-2.8451285583030783,0.695912701561074,7.887966829405787,-1.6855871453888533,0.4636741753987872,8.387711337294766
2025-03-07 16:39:21.737018,QSFP-2,45.652461101512976,3.264746308249053,-2.5335921782100908,0.4874293285356739,9.4816790926056,-1.881370427134473,-2.3725929579935983,7.317470219002862,-2.189002265071063,-1.8718515923075032,8.172912087751518,-2.779671824995073,2.193462873747313,6.5593192895844155
2025-03-07 16:34:21.737018,QSFP-3,21.52514760464571,3.3868671427457,2.8463688459969987,-2.0738237083547864,5.06500961755368,1.67750684140052,0.8185814972618202,6.8989289008961485,2.7786906695350435,-0.8676925878855632,8.98957079807947,-2.3518454752158515,2.884436061500576,8.869956890763813
2025-03-07 16:29:21.737018,QSFP-4,26.473485619598268,3.2256042394981304,2.917264466877617,-0.11315938887109489,5.42754265427234,-0.8992484449996194,1.2388543589214072,9.316668247859127,0.2971772153701018,1.7027507069123828,6.979852363312275,-0.9668361039674904,-0.5544947485570981,8.864607409380575
2025-03-07 16:24:21.737018,QSFP-5,21.885751141204054,3.2155045163505824,1.1889702841184704,0.19553659530951517,6.039431275730136,-2.652943940619622,-2.8104831310461478,7.59540892568109,2.79493296691932,0.32535908479209974,9.575450342035216,1.815514077478877,1.9651135326378188,7.606480238270695
2025-03-07 16:19:21.737018,QSFP-6,58.184624675826825,3.3594063894704447,0.21657819806472212,-2.6890587790654386,5.132661019369099,2.8146157808448677,2.617273477462139,7.395909388148655,-0.4050127300192079,-2.968622318742524,7.6651443362307,0.432291860215805,1.5871667679283057,9.880069116396069
2025-03-07 16:14:21.737018,QSFP-7,38.8613588645796,3.3621905364830322,-1.1428343022820335,-0.9803743308364767,5.907177175448987,2.302715309780554,-2.6881722980911658,5.1282103290321785,-1.1291032014884426,1.565944560168563,5.7897741141767405,0.07600635573849868,0.44117370873343953,5.627751073813267
2025-03-07 16:09:21.737018,QSFP-8,50.514241469882165,3.391228970449462,1.8827701182416918,-2.1935119383661545,7.91520780484846,2.566513699171278,0.24777801180642278,6.7062391381307815,0.03685117704146457,-2.7881318703585656,8.479495590844012,-1.2390670607512702,2.736282861671599,5.084738324447905
2025-03-07 16:04:21.737018,QSFP-9,74.45398843556558,3.4178274001167983,1.1083870353232754,-2.6197501771633935,7.107122752962489,2.9694469358786115,1.2543631167054983,6.900978093929285,-0.3629298682025395,1.4744026963873926,8.966306752191272,2.590522316596898,-1.7971529068295833,8.850791058785479
2025-03-07 15:59:21.737018,QSFP-10,34.9575337489325,3.4927556238387605,-2.024298363930652,2.939761394339671,9.463358555384875,-1.9566285046830763,2.225814742476514,6.994113904484502,-2.3660118944295365,-1.7851166390085755,6.583808385337633,-0.6179097525768498,-2.3444147381422713,9.035777686824414
2025-03-07 15:54:21.737018,QSFP-11,44.62297538213778,3.3548901044903587,2.465563106963055,-1.0658769301516622,9.087217808692206,-0.6225478865840475,1.284521592794567,7.900861846136662,0.8449578881412374,2.748440880716281,9.285896284993765,-2.477443399225371,2.1237718017325324,5.601036145602881
2025-03-07 15:49:21.737018,QSFP-12,65.33306831258292,3.296886941882374,1.9352234575390135,1.8592466751278094,6.70908675848938,1.549430854224548,1.8103684984187511,7.668012733634392,-1.7037709049424024,-0.7923554921874931,9.530716273828832,0.7023990967068077,-0.36510110019750996,6.327914164793031
2025-03-07 15:44:21.737018,QSFP-13,33.72788992949735,3.438555858430611,2.6987994797515444,-1.472156071417417,6.297117167156463,1.1761237083227538,-0.9632988447431634,8.039525463967223,0.7175277293869775,-1.0384103019715254,6.3845224368890445,-2.3169696391403916,2.0818131252423626,5.087761816833145
2025-03-07 15:39:21.737018,QSFP-14,24.618794589727578,3.281249675378622,1.3543170503301596,1.0890163333435758,6.898462040836335,-2.0766245619608696,1.8889506824790736,8.824416307710642,0.9012065543889203,-2.106671698005332,9.91760736357611,-0.9286611431898475,2.35854123117249,6.466543053902823
2025-03-07 15:34:21.737018,QSFP-15,37.38508717482608,3.331691426211691,0.6804911756147392,1.5613671593381193,7.951474712574038,1.8949987499437064,-2.5193109216919494,9.064928693580468,-2.0878508812281114,-1.1663747070587107,5.703557640243792,0.04447163230685325,-2.6252544382855714,8.865709369593358
2025-03-07 15:29:21.737018,QSFP-16,29.673277235240263,3.22353691440268,-0.49054178225628675,0.5738324436470656,6.340318204114381,-1.653356568980036,2.3688999363631655,8.590615381132473,-2.631902237335991,2.259904570969203,6.01007834201245,2.245335148111055,2.3007885779163644,7.589802638562895
2025-03-07 15:24:21.737018,QSFP-17,75.78185914055439,3.2076052230246375,2.5963709001240796,-0.17054286869904978,8.12074453924567,-1.6570943110642615,0.2855542569224174,9.777618479774674,1.6845695164106385,2.9780060257634844,5.921124196190131,-0.03872051795928799,-0.3100856677834667,6.740477965841441
2025-03-07 15:19:21.737018,QSFP-18,68.48722277386501,3.4887945244033776,2.19638333700245,-0.5289545151163888,7.047058260956202,0.22184653736048165,1.9037866197749622,5.091162913381808,-0.24119745738407872,-0.7901428169589098,9.469948550039351,1.2135525961899853,0.06259493402539329,6.858696474531651
2025-03-07 15:14:21.737018,QSFP-19,58.00422539062541,3.4507940361536615,-2.7286879793628636,-0.906790400742028,7.760235904259901,0.5576396090502191,-0.28609029289019894,5.978889928417731,-2.651017226967145,-0.3083362142727446,8.271462761624809,2.9569010339944217,0.7595550665592614,5.006768128577341
2025-03-07 15:09:21.737018,QSFP-20,72.28763541126307,3.4087922618281095,-2.841798153016488,2.5771748654869553,7.180632645676583,0.48051724702686727,0.86146617117915,5.0378143748907105,2.9691979030186033,1.3324256292164218,5.760521416111365,-2.21106528061211,2.5582956403805204,6.499002637826179
2025-03-07 15:04:21.737018,QSFP-21,68.22032461394687,3.322685883324281,-0.7412197987317022,1.9837164467263744,6.472328797709588,-2.4510789756134708,0.15841596561667926,8.237373570773014,-2.6533166340218,2.317174682790447,7.2016170918417455,-1.351610846882883,-2.8853034334214156,8.232293708189653
2025-03-07 14:59:21.737018,QSFP-22,31.194203533162153,3.251988296021254,1.8633199846909978,2.790161463999075,9.742266534810783,2.2647651757822818,1.3895371305319912,9.490152744749935,1.1702113731513188,0.5582660051207049,8.076490125349011,-0.6325435464141216,-0.1389391900930974,9.870972219081786
2025-03-07 14:54:21.737018,QSFP-23,73.55353990939867,3.246931112801326,2.9236567758896665,-2.2542166590867314,8.818028970798803,-1.4063997444677636,-2.5102201078164628,6.217411482881497,2.9020735515804814,-0.6508458109330242,5.417320424946917,-0.4690309287670118,1.1263322545833638,9.235304134919497
2025-03-07 14:49:21.737018,QSFP-24,52.36053451493904,3.275072869449379,-2.097498653378831,1.3852048512218653,5.700565878832263,-2.222910472303175,-2.637887496056617,9.635172723981533,-1.5649193747044463,-0.5242689549082575,9.412081842036693,-0.5338735484067252,1.336241746189371,5.117974823227645
2025-03-07 14:44:21.737018,QSFP-25,68.44640930984374,3.364767999411836,0.5647842921128108,2.6300427409262266,9.342339879489565,2.332488479213863,-1.5173805959391213,5.301336951447804,-2.146503787876823,1.1737088789808414,9.018017677207677,2.445666015339329,1.1551945892226474,9.492803023374197
2025-03-07 14:39:21.737018,QSFP-26,73.7654779954096,3.4143787768100187,-0.7146548602138711,-1.912601603006039,7.437155991247568,2.73390898937852,-2.04273191932087,9.67218013402757,-2.2716903634654266,-2.980690418374328,7.526033867883191,1.2841958668011388,-2.193389223551269,8.91599206649313
2025-03-07 14:34:21.737018,QSFP-27,39.08020849831183,3.3980592130153195,2.819486386887619,-2.601022395799335,9.472761134470456,2.172765703592704,2.23070139955321,6.7581134361981725,-1.1803491145944267,0.7175360247590441,9.835633076295853,0.6474312845442225,-1.2036264697699126,8.901880617854902
2025-03-07 14:29:21.737018,QSFP-28,26.603115471660605,3.283980169083783,2.0527135388142526,1.4467238957403543,8.999276279736577,1.8570964483492682,-1.684716075851734,5.5071041422460825,-2.39372513393612,-0.8670419373518556,7.088804896375498,-1.1437636928233075,-0.8477068474979195,7.289978795017857
2025-03-07 14:24:21.737018,QSFP-29,33.6761097525165,3.486459584198958,2.0299722282668267,0.4468386790794714,7.126067522346167,0.9314518838341304,2.8551915349147876,7.429358795931629,1.152968050164791,1.765183987662505,9.920551595182488,1.9427423053277684,1.8266232460770304,6.990026464772514
2025-03-07 14:19:21.737018,QSFP-30,45.626467317575376,3.4213690750087307,-0.18784104123017809,2.0509726605496326,5.112346541600587,0.30514422365483584,-0.9786252493733589,6.28388283860254,-2.6262492112196236,-2.442056161061207,8.339599994018135,2.7303630689099334,-1.3274407655126819,6.514578644165963
2025-03-07 14:14:21.737018,QSFP-31,69.08088595534959,3.3663062157534203,-0.5110829859740091,-2.161365740242263,6.34338679692473,-2.4780794405315394,-1.9072925058678043,6.424364509809614,0.05653276889873826,0.5292136016903433,8.173356366269708,1.927189695301359,-1.735770216796781,5.328474294771829
2025-03-07 14:09:21.737018,QSFP-32,71.64383499538062,3.3835162238703056,-1.3595575684157626,1.771603871159341,7.708171073304335,-0.5492807215758075,1.7381910428548748,6.536449824631433,2.9801811231178608,-0.11416266068325776,5.829774476478925,-2.9906093688511626,2.744688114228577,6.141176817468495
2025-03-07 14:04:21.737018,QSFP-1,20.417127831871444,3.3258800187283373,-2.6617470200944373,-1.7902360797135328,8.167391099130736,-0.7638688979261161,0.9522466530052567,9.015129489163318,1.883821617036113,0.8539531554313644,9.40963879152322,0.8184082211004422,-2.9468202893191866,6.233018174890123
2025-03-07 13:59:21.737018,QSFP-2,50.64483815465394,3.274319296850347,2.188334257530319,-2.018064342805773,6.2894384271660115,-1.4414772974380428,-0.010825701281166111,7.695806383376272,0.6913166293860655,-2.61087843310219,7.137448439603076,-2.6931877113473957,2.9869251340918694,7.420385348551008
2025-03-07 13:54:21.737018,QSFP-3,45.04466018892674,3.3067918035953787,1.8774060547804652,-2.0144052124140424,5.69678037036412,1.34052068213151,0.3321813056257872,6.556538495780018,-1.16247827528033,0.4799027245687877,5.811167028912397,-1.4543566779976689,1.0609277931443737,8.73722203298347
2025-03-07 13:49:21.737018,QSFP-4,33.326468628243816,3.427353833139311,2.998306039716784,1.8874483213882929,9.174651183996495,-0.024745589527375156,1.3152106696335828,8.051668916554592,0.7433750177498308,0.3689075277571421,5.063037599878795,-2.64285179791337,1.9708157966947022,7.369049141989733
2025-03-07 13:44:21.737018,QSFP-5,27.19192204002097,3.2043180465889267,2.9798210224434323,0.991183324177201,9.92201090351776,-2.5137227045541124,-1.6292715520122076,8.580753371115968,0.16224878346990979,0.3639605664970258,7.798778418191913,0.6227727176963267,-1.232283621922841,5.289222247235803
2025-03-07 13:39:21.737018,QSFP-6,40.25691028421768,3.234821792152075,0.3325902336157647,0.13839254861471595,7.628450911513429,-1.678900788301132,2.9780034963404516,6.363120003667669,-0.4434996966577711,0.6209259995787288,7.636998110613382,1.1195394809556412,-2.91410833399764,9.78894900494102
2025-03-07 13:34:21.737018,QSFP-7,76.57458223475115,3.213800792606526,1.613924491083063,-0.8470170952589848,5.858396429241518,1.0995525819575755,2.848758972880699,7.067745507626757,-2.2157377395588034,1.0588076233581738,8.596768111845794,-2.313074171604569,1.4272171113691803,9.713621595470562
2025-03-07 13:29:21.737018,QSFP-8,39.39217592124531,3.212218640695691,2.668594379294568,2.2632032448786497,6.361536632596845,-2.543214843058199,0.9019541180816213,5.609430466684738,2.319625291442801,1.829933998084618,9.45129026508901,-0.6969667017301231,2.0048675820040547,8.925947715742042
2025-03-07 13:24:21.737018,QSFP-9,51.12743730460197,3.4566381752033024,2.097884344064469,-0.6453293554641877,5.0919533827373336,2.1072414842926124,-1.8027452944251292,5.905746747673401,-0.3012921070720651,-1.381075679230714,5.397032923215147,-0.2625809462667479,1.4428567917211144,9.956639507821102
2025-03-07 13:19:21.737018,QSFP-10,62.18113753371067,3.411097357814007,-1.515911389540814,1.8995966368294628,9.571494032802494,-0.029120837916154052,1.0813694545877475,8.405589269824914,-1.8322649290754096,1.950296461080372,8.657482451701812,-0.7856818694345007,-2.1428982761949684,7.7224116640013145
2025-03-07 13:14:21.737018,QSFP-11,41.81777614275764,3.342252148726198,-0.2967351881394391,-0.36519054857868927,5.588755414450706,-0.11648053604011199,-2.566809546124945,5.907191738478135,-0.7934438947362623,-0.010465906419278248,5.937059720487911,-2.273849997088842,1.520567533541815,9.81384175126603
2025-03-07 13:09:21.737018,QSFP-12,78.30692496325764,3.2293502481953005,-2.22504350909103,-0.7383334234505545,7.882582377571268,0.5544467079571058,-2.816084986765164,7.625816918335301,-0.515221484826438,-2.5376503251940132,9.29088526578582,-0.48631325887514754,1.6135366926458463,5.378025203083753
2025-03-07 13:04:21.737018,QSFP-13,77.74683769652668,3.34748476253505,2.7243061635523347,-0.22392128598236116,6.37027610343603,1.9480857955508952,-1.453902668932718,8.545231308612163,1.9652273734012455,-2.648694424536125,9.09531756930828,1.507068286850509,0.9512430940203291,6.828403741306857
2025-03-07 12:59:21.737018,QSFP-14,35.10693774952185,3.3420415312341696,0.6370478067052803,-1.1917327550151475,7.770890012578967,-0.9131447525868417,-0.22426225956410217,5.534384615473719,1.401686283368412,-0.994570087823635,7.703968774927722,-2.573954012800467,1.5966955967735172,6.126906340033829
2025-03-07 12:54:21.737018,QSFP-15,49.83491035354312,3.251960560973005,-1.6281431669792237,1.4856562810575067,8.257101941759322,1.0680969153543813,2.209635032450283,7.836561098144518,1.6158293618480393,1.7093818626688053,8.551213993116558,-2.5189199155085795,2.075528638066393,5.97916542067135
2025-03-07 12:49:21.737018,QSFP-16,38.052698589006184,3.330155494771392,1.0302041064351402,0.016322340554874692,9.148709018536008,0.39439178397474617,1.3630144185978477,6.282813918506819,-2.9338124134281167,1.2460856084454948,6.571750565918742,-0.8713722489840947,0.6816246854247505,5.704014744463381
2025-03-07 12:44:21.737018,QSFP-17,37.090429662648056,3.319551420319212,0.708769442747375,-1.6067238291190962,6.032106358803016,-1.397830378983472,1.4562391271998862,9.8146343761879,-0.503076010921431,1.7316897880344388,7.355839494664073,2.6503542697135503,-2.4683717161819256,8.112068207829983
2025-03-07 12:39:21.737018,QSFP-18,22.21321684127197,3.384755029415665,-0.8510236918029568,2.3974474396474106,5.054979143292402,2.2717799181309477,-0.44703999331154787,7.4177282335996235,-0.11193509018805825,0.10361433864965619,9.108184488552357,1.0114358803374843,-0.07423314199673481,8.906609278736525
2025-03-07 12:34:21.737018,QSFP-19,56.57386003879381,3.390528095260293,-2.318654446802226,-0.6966526717607318,5.684428150344036,1.7845561296415688,-0.9243900447182227,9.029962748875791,-2.88484633906166,-0.35880601226705666,7.296325985866069,1.0720197400353886,-2.53410399197037,7.891491997101803
2025-03-07 12:29:21.737018,QSFP-20,50.16074139373169,3.2135912029316134,1.0294391735567974,0.26131716668393157,9.500093209240525,0.9507110079505532,-0.7737674220923836,7.751132710781309,-1.4411207475297947,-2.115284839762296,6.788991326627209,-0.8284800549728102,-0.554741813805415,5.734813547941048
2025-03-07 12:24:21.737018,QSFP-21,23.08872507499936,3.3123837843879413,0.12184620542275981,2.438832665787282,9.369450387812577,2.1034903745654514,2.9258973824163466,5.217062664274096,1.5617389387328098,-1.0308434783441307,7.4710622362515,0.5619647472512304,-0.5573610652462344,9.055618849667354
2025-03-07 12:19:21.737018,QSFP-22,36.71878785419669,3.3877579747142708,1.633910350413836,0.7454279754839526,7.987065510851542,2.203765205758814,-2.759344851525105,8.16575687797011,-2.1773417656260055,-0.39588380295674863,9.141246262186092,-2.9392128958335397,-2.6039409351585503,8.179773535818642
2025-03-07 12:14:21.737018,QSFP-23,74.49595315799922,3.3509408775740264,0.12098100667196032,-2.298611755749816,8.002584302168266,1.2501778602902087,2.202188976734691,9.757016711033284,0.21186078871554992,-2.4683974219222966,6.676040236854364,0.8165762784572532,-0.9070767961831239,6.9408285306349775
2025-03-07 12:09:21.737018,QSFP-24,34.37371344001835,3.4569469523564966,2.1130890019112405,2.638992741680851,8.325183372731278,2.0220799701820322,0.4720524514343607,8.008059100731657,-1.708788767896575,-1.6763282837327325,5.868807965678719,2.47972168545742,-2.334011407252111,8.370651477680315
2025-03-07 12:04:21.737018,QSFP-25,28.693692325473386,3.3976080894856837,0.31144103264691303,0.7662483184285072,5.876856393117248,1.1848287700157023,-0.36830748486245746,9.09594429713395,-2.9272753521366406,0.5893517643824326,8.560070101653903,0.6754408100689151,1.8494112600553327,6.299524896214164
2025-03-07 11:59:21.737018,QSFP-26,49.36716561665378,3.248880328124429,0.3656278292123174,-0.9905663120574832,9.5720597296248,1.0808446305618027,1.3515459624908193,9.42103231674204,-1.5527912544027511,1.413978685435139,9.12989106354041,2.2421915607980702,2.6861281557868244,6.725961042471052
2025-03-07 11:54:21.737018,QSFP-27,79.13902724663603,3.2211706242201292,2.25992161595007,-2.1643675640196767,7.093852624460366,0.7116682692911058,-0.07998635145178312,6.140398859744662,2.855242529460323,2.990085068357698,5.503187392617667,1.3438383327965626,-2.5661011484523684,9.587429215659952
2025-03-07 11:49:21.737018,QSFP-28,34.523316290690026,3.392725783461895,-0.5791028027256178,1.764151135621776,6.915692641247487,1.5162998373458478,2.2405394284899636,6.060224199541134,1.8092226712979373,2.5986799880613463,6.199370563779723,-2.2766495015778583,2.7306912437502087,6.452522528357102
2025-03-07 11:44:21.737018,QSFP-29,60.328132844352716,3.207953393162487,-2.195908629296156,0.7204365355710811,7.594588526414188,-2.048369368241558,2.4042111840675506,8.05490494425496,2.757459865926201,0.8553911972111492,5.7098599488049695,2.4147198437150506,0.1354595960204712,7.349941340789683
2025-03-07 11:39:21.737018,QSFP-30,65.69717691972306,3.3757326743820393,-2.827303942119966,0.2007665518579289,5.234829833875275,2.2852245551935706,-0.4696744387592675,7.055142349033524,-0.07287573644182554,-0.4725116802355682,6.739707057910833,-2.6013369338653507,-1.2026059322767566,9.450705686980072
2025-03-07 11:34:21.737018,QSFP-31,34.25825263954398,3.482069072427487,1.5308235340417138,2.3633554983057454,5.8314168437803975,2.2310611664713917,-1.3390332165896905,9.199306514333601,-2.341582807934979,0.8170641882493963,7.251754894527063,0.20380483528658289,-2.538827548343019,8.538606751337637
2025-03-07 11:29:21.737018,QSFP-32,63.692980916711576,3.3726422533627636,0.721857308120788,1.731583267347185,8.690168082131851,-2.824516301792645,0.5541019715601734,9.500115616990055,0.2877569338421577,1.713909708481392,8.744131684816532,-2.147177257239254,0.0037456084225069297,5.311016130823514
2025-03-07 11:24:21.737018,QSFP-1,42.06698796315519,3.316450977861957,1.2244786085953416,-2.089950721603493,5.413993339625632,1.9549005033885756,2.474180073700146,6.7671068965135905,-0.27373599264023474,-2.289982854459676,8.25573792440837,-2.9297603356145756,1.7670932669444923,5.736515221394852
2025-03-07 11:19:21.737018,QSFP-2,57.938349835614765,3.392986465532706,-1.7222150309465356,-1.1296675932267106,8.01576054733194,-2.226780795159329,-1.7360268659660005,6.18435279487241,2.0661424964376955,-0.5405706618222705,8.104642837392156,-0.46779443923416597,1.2425188636001891,5.039207953859584
2025-03-07 11:14:21.737018,QSFP-3,58.01178264565368,3.337475867147455,-2.1817711464793814,-1.5090651611132055,6.226745548406605,-0.9892868744451486,0.7377995013808967,8.90262757621931,-2.4115045152945322,2.0388137138137035,6.761874733048272,-1.2297557540750625,-2.698643931216157,8.154608951145818
2025-03-07 11:09:21.737018,QSFP-4,52.14648104448551,3.3636850367947804,-2.9127320059927087,1.4636777554360618,6.946478070209883,1.4610495377496466,0.7893613205551233,6.37403017774068,-0.07055317786933113,-0.6970022884017357,9.2072377654238,-0.0839970372143819,-2.562588987792579,7.238367127052092
2025-03-07 11:04:21.737018,QSFP-5,25.4173862032645,3.4824394426329577,-0.8964746471604181,-2.798805391585324,6.443468683853499,-2.0354406237101506,1.3986781344916857,9.113071592568392,-2.0997080118360945,0.43123362736311943,7.356435836990823,0.4631993204073046,-0.5827603042041773,5.671374254511377
2025-03-07 10:59:21.737018,QSFP-6,70.11814973535428,3.3158307913402325,0.5395061211277987,0.4193381092278994,6.7783635823247455,1.9078021447143731,-2.210593889236441,7.118691268243814,-1.0519444386596402,0.5266161651731895,9.895524690075773,-2.7375655661463156,-1.2282570357123404,9.789670605283852
2025-03-07 10:54:21.737018,QSFP-7,39.24680389830415,3.488357169147174,-0.6465357294016059,1.5747521144441432,8.595229525921226,1.9928050677464517,1.2949497880925316,8.337749496457352,1.4241424643267981,-1.8931424811981639,8.170710691478684,-2.261980229257526,-1.605694061663713,7.6482986197280995
2025-03-07 10:49:21.737018,QSFP-8,31.191110623991253,3.471605192586819,-0.3751504678576256,2.260593820570497,6.485608578115875,0.04480640256501722,2.4541951239938458,5.477676569173341,-0.14389122378740105,-0.8265873500862697,5.631323707822514,0.3518543787025523,-1.3139730065477184,6.209466470564446
2025-03-07 10:44:21.737018,QSFP-9,22.446508493285833,3.258737340436789,2.4249521669624903,-0.947509507704555,7.8320232014844855,-2.9616847696989987,-1.9219013467785482,8.119296623382866,-0.7446702891253842,-0.9929322675484071,8.380887810377171,-0.9409958809640506,1.8208964597813075,7.503017855773537
2025-03-07 10:39:21.737018,QSFP-10,55.45357659129451,3.2208083902625497,-0.9104671978601981,1.9275438280320767,7.380252010995498,-1.2777712009505233,-1.5747400504567342,7.258838393686146,-0.6331423285797881,-2.842819748807611,6.625520077158495,1.3750409252966875,2.5753683217911236,8.39810166367554
2025-03-07 10:34:21.737018,QSFP-11,60.653861710536944,3.230233400413228,0.08393693495886456,-2.3362095782687566,8.31835582681324,0.7015615102544532,2.8283705642498376,7.933042315877371,-0.24331938956408017,-2.8548494166518683,8.431635983430487,0.913749891551638,-0.5693838328346015,5.381196089867823
2025-03-07 10:29:21.737018,QSFP-12,20.995269735671368,3.205466547695465,1.7019180764468587,2.0787137504071094,9.68414869662379,2.8871170681645406,-1.9141382837430614,5.840071038724317,1.7100992630223413,1.990182262054641,5.348205740812029,2.073626177939441,2.4366660127949826,6.37351907523946
2025-03-07 10:24:21.737018,QSFP-13,50.72558349795686,3.2283328882267788,-0.620743306072379,-2.2350680260081055,8.662860486051251,0.7908811621000105,2.1263105602174743,8.68436872472091,2.3525081336414067,-1.3615751401631255,5.874407185879797,1.154956960015352,-1.0710257925127082,9.034827454419968
2025-03-07 10:19:21.737018,QSFP-14,33.58974651187628,3.404902032024907,0.7325202013672412,-0.6162762566377964,6.074701892953784,-1.4411785136150412,-0.04633286131179126,9.313985387716142,2.73200811902357,0.10847259743289239,9.278686294528931,-0.4204135356591112,-0.14137808193725032,7.2983243520133065
2025-03-07 10:14:21.737018,QSFP-15,58.71036742456699,3.2213565945380687,2.1741822524804713,1.7837721946773222,5.1559156753064235,0.8040342185976681,-1.5166135535809377,6.083699000453878,1.7214203175317708,-1.2076465584673617,6.135897785117574,1.037799734366594,-1.6438260131040017,7.732885710161474
2025-03-07 10:09:21.737018,QSFP-16,30.461985740299486,3.2956926890881286,2.6971237419458527,-2.1004954359073573,6.311320221499125,0.23991227829513306,2.2244994076350686,5.478572777600808,-1.1075586255119236,2.6440754706920426,9.1852056262147,-1.3477129544674888,0.8428562530550638,7.164080011047346
2025-03-07 10:04:21.737018,QSFP-17,61.456264286147956,3.4534625932908365,-2.1175591144257724,-1.624491628604151,7.975389653501274,1.6790723709068613,-0.32816846998400706,5.118192930231682,1.1288082365192533,-1.4442194468053575,6.3963804422720525,-1.162119007330724,2.8738866910488534,5.219499713215026
2025-03-07 09:59:21.737018,QSFP-18,43.20412077803225,3.206981580720748,2.559525750968966,1.3335154103583982,5.257129067421252,-2.3581161670382498,0.08890412357814093,8.20985750221633,-0.37438125566764846,-0.4220591235663895,8.214409550293539,1.73391095952476,0.6209585762602718,5.82874889910078
2025-03-07 09:54:21.737018,QSFP-19,76.20379932420407,3.4443405447766806,-0.04730224152277085,1.3202192192764457,7.481831236006181,1.5661674150121678,-0.8445997836014056,8.035470180443903,-1.471976267723693,2.2363815029076113,8.470752867549155,-0.32148290159050674,-0.8531154953187068,7.2277081937094545
2025-03-07 09:49:21.737018,QSFP-20,28.251256648759593,3.2845564324320202,-1.45053367020625,0.846885797311784,7.984214244584447,0.24759947205666144,0.5577051086095643,7.73348706357035,2.0452294765555354,2.051601400750852,7.563273765725265,1.790282043110115,0.8869046759431702,6.045927327039639
2025-03-07 09:44:21.737018,QSFP-21,40.46398106301551,3.235449448286497,-0.24518546257043194,1.1636906668025997,6.671219454084804,2.7779520231539676,-2.0188567644898634,6.159735480579878,-2.7694419062260502,-1.883391492922336,6.526553383483656,1.9345342420096703,-2.2624759292076746,5.249895143298394
2025-03-07 09:39:21.737018,QSFP-22,26.808411274435343,3.409021149609245,2.8801954517128623,0.25634666008557705,8.85456101872911,-0.9487670037678835,-0.6535107800894355,6.954529979527573,2.410571952812541,1.815859858774262,6.063221881855481,2.145374025967703,2.3319544815923923,9.218248320259118
2025-03-07 09:34:21.737018,QSFP-23,75.48161709671376,3.388682854033965,-0.04429143604278263,-1.4892056465582835,5.532991265668859,0.795731358803689,2.816473934011725,7.972381675930865,-0.23113521225159506,-0.2508786795726441,5.165946772812131,2.499811415047244,0.018503704679018185,9.90596264582058
2025-03-07 09:29:21.737018,QSFP-24,72.64036120285886,3.463241604058116,-1.0274903382749507,-0.9258240389764834,5.375688908679043,2.592168633060105,-1.4511994037932348,7.483834294295847,0.8232088608496824,-0.10218676748786848,6.519732006203619,-0.41408867692022255,-0.3039015477621474,8.965714369983697
2025-03-07 09:24:21.737018,QSFP-25,35.47649766290934,3.420521313141166,0.8004051259003546,-1.910413699191446,8.640943781018017,-2.3849416320559245,0.9404199872477532,9.938927601074436,0.9561235332346962,-2.199120165504337,8.265813952656416,-1.086799090073167,0.5151887307211149,9.268924608523335
2025-03-07 09:19:21.737018,QSFP-26,59.59904276205074,3.4410442791154545,-1.5591262873308416,2.4507033680017702,7.477456581030992,2.6233709234187064,-1.0488596146518308,5.682198762783665,2.370706444239218,-2.516390917457252,9.691524092242414,0.49319247956468315,0.7487031767364147,6.2098856515852265
2025-03-07 09:14:21.737018,QSFP-27,69.03333201207295,3.284610371771392,-2.5448200313480163,0.5003507685967228,8.44201198213868,1.1273143338048799,1.6408387541196037,8.475722770237969,0.8200180930032439,1.3676358418425911,9.35602241131526,-0.7729654593742348,-2.569345162640922,9.803134877565999
2025-03-07 09:09:21.737018,QSFP-28,53.31204869596774,3.2532318631339168,-2.2267216685361046,-0.5948914994181607,7.174136693018731,-2.5929776453689684,-2.214758035689901,7.021593840521461,0.6836015085603706,-0.021233085868201496,8.830323882676513,0.606445000801398,1.0957033273404146,5.984628522267142
2025-03-07 09:04:21.737018,QSFP-29,51.77903470136039,3.4251844254922577,-2.231724966253365,-0.22796517813520367,6.2320101661955345,-1.1942185983191025,2.818926270471268,7.140998074628074,-2.60008775663586,-0.3788957843089227,8.942236716266493,1.233515175862948,-1.5484099181068225,9.757149051809161
2025-03-07 08:59:21.737018,QSFP-30,34.5111374540271,3.4420504217801793,-2.088583838926234,2.683700037670892,9.095511588370998,1.2490325318716895,-0.2772627516981645,8.587988828290882,0.11044813167122447,1.3770493719143806,8.324924517379976,1.1304301109528208,1.283715795039539,9.974096469829755
2025-03-07 08:54:21.737018,QSFP-31,25.586166068353954,3.497151542600202,-2.167036964103539,-2.079891581303519,8.997079394844896,-2.59589639118737,-1.5836972199212163,8.462180756621848,-2.09898599509775,1.5930773939466585,6.3014342878300145,-0.7526826778792719,1.9352087663051805,8.558614028730243
2025-03-07 08:49:21.737018,QSFP-32,73.83294547719962,3.323785303073428,0.8452484688192876,0.5173789921007836,8.473482354272134,0.49302276105763987,-2.559019516019924,9.956279968510941,1.424602612328913,-2.0465509939838786,9.535975153529149,-1.998838789807483,1.823751045315122,9.90571865895911
2025-03-07 08:44:21.737018,QSFP-1,74.02508342979982,3.311605425737835,-1.908719493605131,0.035332073306795664,6.360725686149813,-0.9247016582822596,-1.9814525694747556,5.641971447270626,0.0733315248760471,0.6613508968658479,8.35366155952917,-0.4168239692267548,0.3150058044473347,7.847698897835518
2025-03-07 08:39:21.737018,QSFP-2,57.986087436396076,3.432923888222599,-0.9259963000568208,0.6687254126078868,7.9511533343454355,0.7254931066048629,0.1186436913361062,5.520548246920832,1.0813666752501199,-2.187875506333887,7.8022031549022,-2.1444351355085476,0.12101935386450702,6.297708915880452
2025-03-07 08:34:21.737018,QSFP-3,40.34178746292204,3.3022410620759053,2.380730459436071,-2.8913388970749567,6.804869484700134,-2.725547797124923,-0.977980941412282,8.621694085643705,-2.7499625963856946,1.5082505161742743,5.554947346067405,2.3405822111028503,-2.1427442319635297,7.184979428328104
2025-03-07 08:29:21.737018,QSFP-4,40.95257447675965,3.4792271976810696,-0.15623015842276589,2.2327434536649093,5.457910366633171,2.2292208369142577,1.973300195295657,7.891934585032045,-2.4912479037251805,0.9417309376028369,7.235277719032127,-0.9247352355728555,1.6520769024188136,7.96780467689393
2025-03-07 08:24:21.737018,QSFP-5,63.557340732214364,3.4575238255529035,1.0053464311261635,2.592709694901674,9.586567877311214,2.840933815064382,-0.4146748580291644,6.37080333279903,1.297940328376093,2.7396877265007475,7.301791356009631,-2.0732415166600573,-1.3715437173197138,5.365407810135075
2025-03-07 08:19:21.737018,QSFP-6,73.82661559715463,3.3286982082125056,-1.966080772790221,0.39079910153525343,5.684093154594807,2.8132671317141487,-1.5077143644742206,5.397096844944933,-2.56749398400796,-2.586251901861473,9.32281804761335,-2.847313440565495,-0.019827463092320752,8.111716323086231
2025-03-07 08:14:21.737018,QSFP-7,73.22518545590704,3.4252613203374493,-1.8462658871479753,1.179904943261354,9.751186769104013,1.497910990457548,0.7028699196241801,5.428291247982153,-2.5724596334084486,-2.657671673092474,7.733241100938942,0.8749343177189055,-1.2943554424348998,9.905889183811473
2025-03-07 08:09:21.737018,QSFP-8,66.79253275145743,3.426362862225405,-2.754788302401127,2.534996287063774,7.230028864789778,-2.219482559216208,1.2406633013126749,9.470954373320591,-2.9273491485906753,-1.3068775518407991,6.902002744852048,0.8214139047284594,-2.1970298220018414,5.9505382489186385
